[
{
  "model": "store.brand",
  "pk": 10001,
  "fields": {
    "name": "Fender",
    "logo": "brands/fender-logo_1JrRMnm.jpg",
    "description": "",
    "country": "США",
    "website": "",
    "is_active": true
  }
},
{
  "model": "store.brand",
  "pk": 10002,
  "fields": {
    "name": "Gibson",
    "logo": "brands/gobson-logo_6cNWG9A.jpg",
    "description": "",
    "country": "США",
    "website": "",
    "is_active": true
  }
},
{
  "model": "store.brand",
  "pk": 10003,
  "fields": {
    "name": "Yamaha",
    "logo": "brands/Yamaha-logo_gfLAoxm.jpg",
    "description": "",
    "country": "Япония",
    "website": "",
    "is_active": true
  }
},
{
  "model": "store.brand",
  "pk": 10004,
  "fields": {
    "name": "Marshall Amplification",
    "logo": "brands/Marshall-Logo_ZbmsIY7.png",
    "description": "Британская компания по производству музыкальных звуковых усилителей и акустических систем",
    "country": "Британия",
    "website": "",
    "is_active": true
  }
},
{
  "model": "store.brand",
  "pk": 10005,
  "fields": {
    "name": "Ibanez",
    "logo": "brands/Ibanez-Logo.png",
    "description": "",
    "country": "Япония",
    "website": "",
    "is_active": true
  }
},
{
  "model": "store.category",
  "pk": 10001,
  "fields": {
    "name": "Акустические гитары",
    "image": "categories/500_b51d84f9_3wZjnTL.jpg",
    "description": "",
    "parent": null
  }
},
{
  "model": "store.category",
  "pk": 10002,
  "fields": {
    "name": "Электрогитары",
    "image": "categories/gitara_4G0sNmC.jpg",
    "description": "",
    "parent": null
  }
},
{
  "model": "store.category",
  "pk": 10003,
  "fields": {
    "name": "Коммутация",
    "image": "categories/orig_NYAsIh0.jpg",
    "description": "",
    "parent": null
  }
},
{
  "model": "store.category",
  "pk": 10004,
  "fields": {
    "name": "Комбоусилители",
    "image": "categories/zvuk_device_Ya25o2W.jpg",
    "description": "",
    "parent": null
  }
},
{
  "model": "store.category",
  "pk": 10005,
  "fields": {
    "name": "Басгитары",
    "image": "categories/бас.jpg",
    "description": "",
    "parent": null
  }
},
{
  "model": "store.product",
  "pk": 1,
  "fields": {
    "skill_level": "beginner",
    "category": 10001,
    "brand": 10003,
    "name": "Yamaha F-310",
    "description": "",
    "price": "12000.00",
    "old_price": null,
    "image": "products/yamaha-f-310_w1FYzAc.jpg",
    "instrument_type": "guitar",
    "condition": "new",
    "in_stock": true,
    "stock_quantity": 1000,
    "features": "",
    "weight": null,
    "dimensions": "",
    "created_at": "2025-12-18T17:49:22.920Z",
    "updated_at": "2026-04-16T09:40:30.207Z",
    "is_active": true
  }
},
{
  "model": "store.product",
  "pk": 2,
  "fields": {
    "skill_level": "professional",
    "category": 10002,
    "brand": 10002,
    "name": "Les Paul Standard 50s Heritage Cherry Sunburst",
    "description": "",
    "price": "474790.00",
    "old_price": "500000.00",
    "image": "products/Gibson_Custom_Shop_1960_Les_Paul_Standard_KEIxOML.jpg",
    "instrument_type": "guitar",
    "condition": "new",
    "in_stock": true,
    "stock_quantity": 100,
    "features": "",
    "weight": null,
    "dimensions": "",
    "created_at": "2025-12-22T10:35:34.751Z",
    "updated_at": "2026-04-16T10:02:56.870Z",
    "is_active": true
  }
},
{
  "model": "store.product",
  "pk": 3,
  "fields": {
    "skill_level": "amateur",
    "category": 10002,
    "brand": 10001,
    "name": "FENDER SQUIER Affinity 2021 Telecaster MN Butterscotch Blonde",
    "description": "",
    "price": "41790.00",
    "old_price": "44999.00",
    "image": "products/FENDER_SQUIER_Affinity_2021_Telecaster_MN_Butterscotch_Blonde.jpeg",
    "instrument_type": "guitar",
    "condition": "new",
    "in_stock": true,
    "stock_quantity": 47,
    "features": "",
    "weight": null,
    "dimensions": "",
    "created_at": "2026-04-20T04:01:09.839Z",
    "updated_at": "2026-04-20T04:01:09.839Z",
    "is_active": true
  }
},
{
  "model": "store.product",
  "pk": 4,
  "fields": {
    "skill_level": null,
    "category": 10004,
    "brand": 10004,
    "name": "MARSHALL CODE 25",
    "description": "",
    "price": "46000.00",
    "old_price": null,
    "image": "products/MARSHALL_CODE_25.jpg",
    "instrument_type": "equipment",
    "condition": "new",
    "in_stock": true,
    "stock_quantity": 122,
    "features": "",
    "weight": null,
    "dimensions": "",
    "created_at": "2026-04-20T04:14:07.769Z",
    "updated_at": "2026-04-20T04:15:14.745Z",
    "is_active": true
  }
},
{
  "model": "store.product",
  "pk": 5,
  "fields": {
    "skill_level": null,
    "category": 10005,
    "brand": 10005,
    "name": "Ibanez Gio GSR180 Black",
    "description": "",
    "price": "31390.00",
    "old_price": null,
    "image": "products/Ibanez_Gio_GSR180_Black.png",
    "instrument_type": "guitar",
    "condition": "new",
    "in_stock": true,
    "stock_quantity": 3,
    "features": "",
    "weight": null,
    "dimensions": "",
    "created_at": "2026-05-11T12:23:15.487Z",
    "updated_at": "2026-05-11T12:23:15.487Z",
    "is_active": true
  }
},
{
  "model": "store.productimage",
  "pk": 1,
  "fields": {
    "product": 1,
    "image": "products/gallery/yamaha-f-310-4.jpg",
    "alt_text": "",
    "order": 0
  }
},
{
  "model": "store.productimage",
  "pk": 2,
  "fields": {
    "product": 1,
    "image": "products/gallery/yamaha-f-310-3_7p0wLCh.jpg",
    "alt_text": "",
    "order": 0
  }
},
{
  "model": "store.productimage",
  "pk": 3,
  "fields": {
    "product": 1,
    "image": "products/gallery/yamaha-f-310-2.jpg",
    "alt_text": "",
    "order": 0
  }
},
{
  "model": "store.order",
  "pk": 1,
  "fields": {
    "user": [
      "admin"
    ],
    "full_name": "Не указано",
    "created_at": "2025-12-18T17:49:49.460Z",
    "updated_at": "2025-12-19T04:04:43.329Z",
    "status": "delivered",
    "shipping_address": "Адрес не указан",
    "phone": "Не указан",
    "email": "customer@example.com",
    "payment_method": "card",
    "subtotal": "0.00",
    "shipping_cost": "0.00",
    "total": "0.00",
    "notes": ""
  }
},
{
  "model": "store.order",
  "pk": 2,
  "fields": {
    "user": [
      "admin"
    ],
    "full_name": "Не указано",
    "created_at": "2025-12-19T04:05:59.800Z",
    "updated_at": "2025-12-19T04:05:59.800Z",
    "status": "paid",
    "shipping_address": "Адрес не указан",
    "phone": "Не указан",
    "email": "customer@example.com",
    "payment_method": "card",
    "subtotal": "0.00",
    "shipping_cost": "0.00",
    "total": "0.00",
    "notes": ""
  }
},
{
  "model": "store.order",
  "pk": 3,
  "fields": {
    "user": [
      "admin"
    ],
    "full_name": "Не указано",
    "created_at": "2025-12-22T11:24:31.629Z",
    "updated_at": "2025-12-22T11:24:31.629Z",
    "status": "paid",
    "shipping_address": "1 Советская, 6",
    "phone": "+78005553535",
    "email": "customer@example.com",
    "payment_method": "card",
    "subtotal": "949580.00",
    "shipping_cost": "0.00",
    "total": "949580.00",
    "notes": ""
  }
},
{
  "model": "store.order",
  "pk": 4,
  "fields": {
    "user": [
      "admin"
    ],
    "full_name": "admin",
    "created_at": "2026-05-11T09:37:22.644Z",
    "updated_at": "2026-05-11T09:37:22.644Z",
    "status": "paid",
    "shipping_address": "Адрес не указан",
    "phone": "Не указан",
    "email": "customer@example.com",
    "payment_method": "card",
    "subtotal": "41790.00",
    "shipping_cost": "0.00",
    "total": "41790.00",
    "notes": ""
  }
},
{
  "model": "store.order",
  "pk": 5,
  "fields": {
    "user": [
      "Kirill"
    ],
    "full_name": "Не указано",
    "created_at": "2026-05-11T09:38:43.074Z",
    "updated_at": "2026-05-11T09:40:49.383Z",
    "status": "cancelled",
    "shipping_address": "Адрес не указан",
    "phone": "Не указан",
    "email": "customer@example.com",
    "payment_method": "card",
    "subtotal": "0.00",
    "shipping_cost": "0.00",
    "total": "0.00",
    "notes": ""
  }
},
{
  "model": "store.order",
  "pk": 6,
  "fields": {
    "user": [
      "admin"
    ],
    "full_name": "admin",
    "created_at": "2026-05-11T11:09:28.391Z",
    "updated_at": "2026-05-11T11:27:35.143Z",
    "status": "cancelled",
    "shipping_address": "Адрес не указан",
    "phone": "Не указан",
    "email": "customer@example.com",
    "payment_method": "sbp",
    "subtotal": "520790.00",
    "shipping_cost": "0.00",
    "total": "520790.00",
    "notes": ""
  }
},
{
  "model": "store.order",
  "pk": 7,
  "fields": {
    "user": [
      "admin"
    ],
    "full_name": "admin",
    "created_at": "2026-05-11T11:38:27.593Z",
    "updated_at": "2026-05-11T11:38:27.593Z",
    "status": "paid",
    "shipping_address": "Адрес не указан",
    "phone": "Не указан",
    "email": "customer@example.com",
    "payment_method": "card",
    "subtotal": "87790.00",
    "shipping_cost": "0.00",
    "total": "87790.00",
    "notes": ""
  }
},
{
  "model": "store.order",
  "pk": 8,
  "fields": {
    "user": [
      "admin"
    ],
    "full_name": "admin",
    "created_at": "2026-05-11T12:00:16.155Z",
    "updated_at": "2026-05-11T12:04:24.624Z",
    "status": "cancelled",
    "shipping_address": "Адрес не указан",
    "phone": "Не указан",
    "email": "customer@example.com",
    "payment_method": "card",
    "subtotal": "12000.00",
    "shipping_cost": "0.00",
    "total": "12000.00",
    "notes": ""
  }
},
{
  "model": "store.order",
  "pk": 9,
  "fields": {
    "user": [
      "admin"
    ],
    "full_name": "admin",
    "created_at": "2026-05-11T12:08:43.393Z",
    "updated_at": "2026-05-11T12:08:43.393Z",
    "status": "paid",
    "shipping_address": "Адрес не указан",
    "phone": "Не указан",
    "email": "customer@example.com",
    "payment_method": "card",
    "subtotal": "87790.00",
    "shipping_cost": "0.00",
    "total": "87790.00",
    "notes": ""
  }
},
{
  "model": "store.order",
  "pk": 10,
  "fields": {
    "user": [
      "admin"
    ],
    "full_name": "admin",
    "created_at": "2026-05-11T12:24:47.494Z",
    "updated_at": "2026-05-11T12:24:47.494Z",
    "status": "paid",
    "shipping_address": "Адрес не указан",
    "phone": "Не указан",
    "email": "customer@example.com",
    "payment_method": "card",
    "subtotal": "62780.00",
    "shipping_cost": "0.00",
    "total": "62780.00",
    "notes": ""
  }
},
{
  "model": "store.orderitem",
  "pk": 1,
  "fields": {
    "order": 1,
    "product": 1,
    "quantity": 5,
    "price": "12000.00"
  }
},
{
  "model": "store.orderitem",
  "pk": 2,
  "fields": {
    "order": 1,
    "product": 1,
    "quantity": 5,
    "price": "12000.00"
  }
},
{
  "model": "store.orderitem",
  "pk": 3,
  "fields": {
    "order": 2,
    "product": 1,
    "quantity": 200,
    "price": "12000.00"
  }
},
{
  "model": "store.orderitem",
  "pk": 4,
  "fields": {
    "order": 3,
    "product": 2,
    "quantity": 2,
    "price": "474790.00"
  }
},
{
  "model": "store.orderitem",
  "pk": 5,
  "fields": {
    "order": 4,
    "product": 3,
    "quantity": 1,
    "price": "41790.00"
  }
},
{
  "model": "store.orderitem",
  "pk": 6,
  "fields": {
    "order": 5,
    "product": 4,
    "quantity": 2,
    "price": "46000.00"
  }
},
{
  "model": "store.orderitem",
  "pk": 7,
  "fields": {
    "order": 6,
    "product": 4,
    "quantity": 1,
    "price": "46000.00"
  }
},
{
  "model": "store.orderitem",
  "pk": 8,
  "fields": {
    "order": 6,
    "product": 2,
    "quantity": 1,
    "price": "474790.00"
  }
},
{
  "model": "store.orderitem",
  "pk": 9,
  "fields": {
    "order": 7,
    "product": 3,
    "quantity": 1,
    "price": "41790.00"
  }
},
{
  "model": "store.orderitem",
  "pk": 10,
  "fields": {
    "order": 7,
    "product": 4,
    "quantity": 1,
    "price": "46000.00"
  }
},
{
  "model": "store.orderitem",
  "pk": 11,
  "fields": {
    "order": 8,
    "product": 1,
    "quantity": 1,
    "price": "12000.00"
  }
},
{
  "model": "store.orderitem",
  "pk": 12,
  "fields": {
    "order": 9,
    "product": 3,
    "quantity": 1,
    "price": "41790.00"
  }
},
{
  "model": "store.orderitem",
  "pk": 13,
  "fields": {
    "order": 9,
    "product": 4,
    "quantity": 1,
    "price": "46000.00"
  }
},
{
  "model": "store.orderitem",
  "pk": 14,
  "fields": {
    "order": 10,
    "product": 5,
    "quantity": 2,
    "price": "31390.00"
  }
},
{
  "model": "store.review",
  "pk": 1,
  "fields": {
    "product": 2,
    "user": [
      "admin"
    ],
    "rating": 5,
    "comment": "Лучшая гитара",
    "created_at": "2025-12-22T11:08:06.333Z",
    "is_approved": true
  }
},
{
  "model": "store.review",
  "pk": 2,
  "fields": {
    "product": 1,
    "user": [
      "admin"
    ],
    "rating": 5,
    "comment": "класс",
    "created_at": "2026-05-07T08:35:37.138Z",
    "is_approved": true
  }
}
]
